{"is_source_file": true, "format": "JavaScript (React JSX)", "description": "This file defines the Sidebar component for a React front-end application, providing navigation links based on user authentication and role, along with icon components.", "external_files": ["../../auth/AuthContext", "react", "react-router-dom"], "external_methods": ["useAuth"], "published": ["Sidebar"], "classes": [], "methods": [{"name": "Icon({ name })", "description": "A component rendering inline SVG icons based on the provided name.", "scope": "", "scopeKind": ""}, {"name": "NavItem({ to, icon, label })", "description": "A component that renders a navigation link with an icon and label.", "scope": "", "scopeKind": ""}, {"name": "Sidebar()", "description": "Main component rendering the sidebar with role-aware navigation links.", "scope": "", "scopeKind": ""}], "calls": ["useAuth", "useMemo", "NavLink", "Icon", "NavItem"], "search-terms": ["Sidebar", "React navigation", "role-based menu", "inline SVG icons", "useAuth hook"], "state": 2, "file_id": 21, "knowledge_revision": 62, "git_revision": "dd4c8f1828388f3eba00b800208f05bedbaf5272", "ctags": [{"_type": "tag", "name": "Icon", "path": "/home/kavia/workspace/code-generation/express-delivery-management-system-314154-314165/delivery_frontend/src/components/layout/Sidebar.js", "pattern": "/^function Icon({ name }) {$/", "language": "JavaScript", "kind": "function", "signature": "({ name })"}, {"_type": "tag", "name": "NavItem", "path": "/home/kavia/workspace/code-generation/express-delivery-management-system-314154-314165/delivery_frontend/src/components/layout/Sidebar.js", "pattern": "/^function NavItem({ to, icon, label }) {$/", "language": "JavaScript", "kind": "function", "signature": "({ to, icon, label })"}, {"_type": "tag", "name": "Sidebar", "path": "/home/kavia/workspace/code-generation/express-delivery-management-system-314154-314165/delivery_frontend/src/components/layout/Sidebar.js", "pattern": "/^export function Sidebar() {$/", "language": "JavaScript", "kind": "function", "signature": "()"}, {"_type": "tag", "name": "className", "path": "/home/kavia/workspace/code-generation/express-delivery-management-system-314154-314165/delivery_frontend/src/components/layout/Sidebar.js", "pattern": "/^  const common = { className: \"navIcon\", viewBox: \"0 0 24 24\", fill: \"none\", stroke: \"currentCol/", "language": "JavaScript", "kind": "property", "scope": "Icon.common", "scopeKind": "class"}, {"_type": "tag", "name": "common", "path": "/home/kavia/workspace/code-generation/express-delivery-management-system-314154-314165/delivery_frontend/src/components/layout/Sidebar.js", "pattern": "/^  const common = { className: \"navIcon\", viewBox: \"0 0 24 24\", fill: \"none\", stroke: \"currentCol/", "language": "JavaScript", "kind": "class", "scope": "Icon", "scopeKind": "class"}, {"_type": "tag", "name": "fill", "path": "/home/kavia/workspace/code-generation/express-delivery-management-system-314154-314165/delivery_frontend/src/components/layout/Sidebar.js", "pattern": "/^  const common = { className: \"navIcon\", viewBox: \"0 0 24 24\", fill: \"none\", stroke: \"currentCol/", "language": "JavaScript", "kind": "property", "scope": "Icon.common", "scopeKind": "class"}, {"_type": "tag", "name": "icon", "path": "/home/kavia/workspace/code-generation/express-delivery-management-system-314154-314165/delivery_frontend/src/components/layout/Sidebar.js", "pattern": "/^      <Icon name={icon} \\/>$/", "language": "JavaScript", "kind": "field", "scope": "NavItem.end", "scopeKind": "class"}, {"_type": "tag", "name": "stroke", "path": "/home/kavia/workspace/code-generation/express-delivery-management-system-314154-314165/delivery_frontend/src/components/layout/Sidebar.js", "pattern": "/^  const common = { className: \"navIcon\", viewBox: \"0 0 24 24\", fill: \"none\", stroke: \"currentCol/", "language": "JavaScript", "kind": "property", "scope": "Icon.common", "scopeKind": "class"}, {"_type": "tag", "name": "strokeWidth", "path": "/home/kavia/workspace/code-generation/express-delivery-management-system-314154-314165/delivery_frontend/src/components/layout/Sidebar.js", "pattern": "/^  const common = { className: \"navIcon\", viewBox: \"0 0 24 24\", fill: \"none\", stroke: \"currentCol/", "language": "JavaScript", "kind": "property", "scope": "Icon.common", "scopeKind": "class"}, {"_type": "tag", "name": "to", "path": "/home/kavia/workspace/code-generation/express-delivery-management-system-314154-314165/delivery_frontend/src/components/layout/Sidebar.js", "pattern": "/^      to={to}$/", "language": "JavaScript", "kind": "field", "scope": "NavItem.to", "scopeKind": "class"}, {"_type": "tag", "name": "viewBox", "path": "/home/kavia/workspace/code-generation/express-delivery-management-system-314154-314165/delivery_frontend/src/components/layout/Sidebar.js", "pattern": "/^  const common = { className: \"navIcon\", viewBox: \"0 0 24 24\", fill: \"none\", stroke: \"currentCol/", "language": "JavaScript", "kind": "property", "scope": "Icon.common", "scopeKind": "class"}], "hash": "900bd8464636c9d4d831948eb70bfc71", "format-version": 4, "code-base-name": "delivery_frontend", "filename": "delivery_frontend/src/components/layout/Sidebar.js", "fields": [{"name": "const common = { className: \"navIcon\", viewBox: \"0 0 24 24\", fill: \"none\", stroke: \"currentCol/", "scope": "Icon.common", "scopeKind": "class", "description": "unavailable"}, {"name": "<Icon name={icon} \\/>", "scope": "NavItem.end", "scopeKind": "class", "description": "unavailable"}, {"name": "to={to}", "scope": "NavItem.to", "scopeKind": "class", "description": "unavailable"}], "revision_history": [{"62": "dd4c8f1828388f3eba00b800208f05bedbaf5272"}]}