{"is_source_file": true, "file_id": 13, "git_revision": "", "state": 1, "description": "", "external_files": [], "external_methods": [], "published": [], "classes": [], "methods": [], "calls": [], "search-terms": [], "ctags": [{"_type": "tag", "name": "api", "path": "/home/kavia/workspace/code-generation/express-delivery-management-system-314154-314165/delivery_frontend/src/api/client.js", "pattern": "/^const api = axios.create({$/", "language": "JavaScript", "kind": "constant"}, {"_type": "tag", "name": "getBackendBaseURL", "path": "/home/kavia/workspace/code-generation/express-delivery-management-system-314154-314165/delivery_frontend/src/api/client.js", "pattern": "/^export function getBackendBaseURL() {$/", "language": "JavaScript", "kind": "function", "signature": "()"}, {"_type": "tag", "name": "getBaseURL", "path": "/home/kavia/workspace/code-generation/express-delivery-management-system-314154-314165/delivery_frontend/src/api/client.js", "pattern": "/^function getBaseURL() {$/", "language": "JavaScript", "kind": "function", "signature": "()"}, {"_type": "tag", "name": "isBackendConfigured", "path": "/home/kavia/workspace/code-generation/express-delivery-management-system-314154-314165/delivery_frontend/src/api/client.js", "pattern": "/^export function isBackendConfigured() {$/", "language": "JavaScript", "kind": "function", "signature": "()"}], "format": "JavaScript", "hash": "9d077f5725aa671a86c0513ab7ed378d", "format-version": 4, "code-base-name": "delivery_frontend", "filename": "delivery_frontend/src/api/client.js", "knowledge_revision": 29}