{"is_source_file": false, "format": "", "description": "", "external_files": [], "external_methods": [], "published": [], "classes": [], "methods": [], "calls": [], "search-terms": [], "state": 2, "file_id": 12, "knowledge_revision": 21, "git_revision": "2f452fc866dea32d0e18c45b85f99bc46ff5a7c3", "hash": "be6538e7523bc2e9da0743133d784136", "format-version": 4, "code-base-name": "delivery_frontend", "filename": "delivery_frontend/eslint.config.mjs", "revision_history": [{"21": "2f452fc866dea32d0e18c45b85f99bc46ff5a7c3"}]}