{"is_source_file": true, "format": "JavaScript (React JSX)", "description": "React component MyAssignedDeliveries for displaying courier's assigned deliveries, fetching data from API and handling loading/error states.", "external_files": ["../../api/deliveries", "../../components/toast/ToastProvider", "../../api/client", "react", "react-router-dom"], "external_methods": ["listAssignedDeliveries", "useToast", "isBackendConfigured"], "published": ["MyAssignedDeliveries"], "classes": [], "methods": [{"name": "normalize(data)", "description": "Normalizes the data received from the API to an array of delivery objects.", "scope": "", "scopeKind": ""}, {"name": "load()", "description": "Fetches assigned deliveries from API and updates component state.", "scope": "MyAssignedDeliveries", "scopeKind": "function"}, {"name": "MyAssignedDeliveries()", "scope": "", "scopeKind": "", "description": "unavailable"}], "calls": ["isBackendConfigured()", "listAssignedDeliveries()", "toast.error()"], "search-terms": ["MyAssignedDeliveries", "assigned deliveries", "courier", "React component", "useEffect", "useState", "API fetch", "delivery management"], "state": 2, "file_id": 32, "knowledge_revision": 73, "git_revision": "dd4c8f1828388f3eba00b800208f05bedbaf5272", "ctags": [{"_type": "tag", "name": "MyAssignedDeliveries", "path": "/home/kavia/workspace/code-generation/express-delivery-management-system-314154-314165/delivery_frontend/src/pages/courier/MyAssignedDeliveries.js", "pattern": "/^export function MyAssignedDeliveries() {$/", "language": "JavaScript", "kind": "function", "signature": "()"}, {"_type": "tag", "name": "load", "path": "/home/kavia/workspace/code-generation/express-delivery-management-system-314154-314165/delivery_frontend/src/pages/courier/MyAssignedDeliveries.js", "pattern": "/^  async function load() {$/", "language": "JavaScript", "kind": "function", "signature": "()", "scope": "MyAssignedDeliveries", "scopeKind": "function"}, {"_type": "tag", "name": "normalize", "path": "/home/kavia/workspace/code-generation/express-delivery-management-system-314154-314165/delivery_frontend/src/pages/courier/MyAssignedDeliveries.js", "pattern": "/^function normalize(data) {$/", "language": "JavaScript", "kind": "function", "signature": "(data)"}], "hash": "3c2d23dc5458e2a3f333ea7e0c1ded18", "format-version": 4, "code-base-name": "delivery_frontend", "filename": "delivery_frontend/src/pages/courier/MyAssignedDeliveries.js", "revision_history": [{"73": "dd4c8f1828388f3eba00b800208f05bedbaf5272"}]}