{"is_source_file": true, "format": "JavaScript", "description": "This is the main entry point for a React application that initializes and renders the React component tree into the DOM.", "external_files": ["react", "react-dom/client", "./index.css", "./App"], "external_methods": ["ReactDOM.createRoot", "root.render"], "published": ["React", "ReactDOM"], "classes": [], "methods": [{"name": "ReactDOM.createRoot", "description": "Creates a root for rendering a React application in the specified DOM element."}, {"name": "root.render", "description": "Renders React elements into the root."}], "calls": ["ReactDOM.createRoot", "root.render"], "search-terms": ["React", "ReactDOM", "index.js", "main entry point", "react application initialization"], "state": 2, "file_id": 4, "knowledge_revision": 54, "git_revision": "dd4c8f1828388f3eba00b800208f05bedbaf5272", "revision_history": [{"25": "2f452fc866dea32d0e18c45b85f99bc46ff5a7c3"}, {"54": "dd4c8f1828388f3eba00b800208f05bedbaf5272"}], "ctags": [{"_type": "tag", "name": "root", "path": "/home/kavia/workspace/code-generation/express-delivery-management-system-314154-314165/delivery_frontend/src/index.js", "pattern": "/^const root = ReactDOM.createRoot(document.getElementById(\"root\"));$/", "language": "JavaScript", "kind": "constant"}], "hash": "c5fdafd1d21c91382ec28c1710d2c642", "format-version": 4, "code-base-name": "delivery_frontend", "filename": "delivery_frontend/src/index.js"}