{"is_source_file": true, "format": "JavaScript (React JSX)", "description": "This file initializes the React application by rendering the 'App' component into the DOM element with id 'root'. It imports necessary dependencies including React, ReactDOM, a CSS stylesheet, and the main App component.", "external_files": ["./index.css", "./App"], "external_methods": ["ReactDOM.createRoot", "root.render"], "published": [], "classes": [], "methods": [{"name": "ReactDOM.createRoot", "description": "Creates a root container for rendering React components."}, {"name": "root.render", "description": "Renders the React component tree into the root DOM element."}], "calls": ["ReactDOM.createRoot", "root.render", "<React.StrictMode>", "<App />"], "search-terms": ["React", "ReactDOM", "index.js", "entry point", "render"], "state": 2, "file_id": 4, "knowledge_revision": 25, "git_revision": "2f452fc866dea32d0e18c45b85f99bc46ff5a7c3", "ctags": [{"_type": "tag", "name": "root", "path": "/home/kavia/workspace/code-generation/express-delivery-management-system-314154-314165/delivery_frontend/src/index.js", "pattern": "/^const root = ReactDOM.createRoot(document.getElementById('root'));$/", "language": "JavaScript", "kind": "constant"}], "hash": "9fc5841375336fc175b49f8767a11383", "format-version": 4, "code-base-name": "delivery_frontend", "filename": "delivery_frontend/src/index.js", "revision_history": [{"25": "2f452fc866dea32d0e18c45b85f99bc46ff5a7c3"}]}