{"is_source_file": true, "format": "JavaScript (React JSX)", "description": "A React component representing a notifications page that displays notifications and allows marking them as read.", "external_files": ["../notifications/NotificationsContext"], "external_methods": ["useNotifications"], "published": ["NotificationsPage"], "classes": [], "methods": [{"name": "NotificationsPage()", "description": "React functional component for displaying notifications, with buttons to mark notifications as read.", "scope": "", "scopeKind": ""}], "calls": ["useNotifications", "notifications.markAllRead", "notifications.items.length", "notifications.items.map", "notifications.markRead"], "search-terms": ["NotificationsPage", "React", "useNotifications", "notifications", "markAllRead", "markRead"], "state": 2, "file_id": 34, "knowledge_revision": 75, "git_revision": "dd4c8f1828388f3eba00b800208f05bedbaf5272", "ctags": [{"_type": "tag", "name": "NotificationsPage", "path": "/home/kavia/workspace/code-generation/express-delivery-management-system-314154-314165/delivery_frontend/src/pages/NotificationsPage.js", "pattern": "/^export function NotificationsPage() {$/", "language": "JavaScript", "kind": "function", "signature": "()"}], "hash": "bbc698c36da3933de606b1149e3e3b2c", "format-version": 4, "code-base-name": "delivery_frontend", "filename": "delivery_frontend/src/pages/NotificationsPage.js", "revision_history": [{"75": "dd4c8f1828388f3eba00b800208f05bedbaf5272"}]}