{"is_source_file": false, "format": "", "description": "", "external_files": [], "external_methods": [], "published": [], "classes": [], "methods": [], "calls": [], "search-terms": [], "state": 2, "file_id": 7, "knowledge_revision": 24, "git_revision": "2f452fc866dea32d0e18c45b85f99bc46ff5a7c3", "ctags": [], "hash": "1a77571e1a8cf36018a41bcedf60db75", "format-version": 4, "code-base-name": "delivery_frontend", "filename": "delivery_frontend/src/setupTests.js", "revision_history": [{"24": "2f452fc866dea32d0e18c45b85f99bc46ff5a7c3"}]}