{"is_source_file": false, "format": "", "description": "", "external_files": [], "external_methods": [], "published": [], "classes": [], "methods": [], "calls": [], "search-terms": [], "state": 2, "file_id": 5, "knowledge_revision": 28, "git_revision": "2f452fc866dea32d0e18c45b85f99bc46ff5a7c3", "hash": "8c363a734c7216be3de0d0eb86dba6dc", "format-version": 4, "code-base-name": "delivery_frontend", "filename": "delivery_frontend/src/index.css", "revision_history": [{"28": "2f452fc866dea32d0e18c45b85f99bc46ff5a7c3"}]}