{"is_source_file": true, "format": "JavaScript (React JSX)", "description": "This file defines the CreateDelivery React component, providing a customer-facing form for creating delivery requests, handling form state, validation, API interaction, and navigation.", "external_files": ["../../api/deliveries", "../../components/toast/ToastProvider", "../../api/client", "react", "react-router-dom"], "external_methods": ["createDelivery", "useToast", "useNavigate", "isBackendConfigured"], "published": ["CreateDelivery"], "classes": [], "methods": [{"name": "validate()", "description": "Validates form inputs; ensures pickup, dropoff, and package details are at least 3 characters long.", "scope": "CreateDelivery", "scopeKind": "function"}, {"name": "onSubmit(evt)", "description": "Handles form submission: validates inputs, checks backend configuration, calls createDelivery API, navigates to the delivery page or shows errors.", "scope": "CreateDelivery", "scopeKind": "function"}, {"name": "CreateDelivery()", "scope": "", "scopeKind": "", "description": "unavailable"}], "calls": ["useToast", "useNavigate", "validate", "isBackendConfigured", "createDelivery", "toast.error", "toast.success", "navigate"], "search-terms": ["CreateDelivery", "customer delivery form", "delivery API call", "React form handling", "useNavigate", "useToast"], "state": 2, "file_id": 29, "knowledge_revision": 70, "git_revision": "dd4c8f1828388f3eba00b800208f05bedbaf5272", "ctags": [{"_type": "tag", "name": "4", "path": "/home/kavia/workspace/code-generation/express-delivery-management-system-314154-314165/delivery_frontend/src/pages/customer/CreateDelivery.js", "pattern": "/^                    rows={4}$/", "language": "JavaScript", "kind": "field", "scope": "rows", "scopeKind": "class"}, {"_type": "tag", "name": "CreateDelivery", "path": "/home/kavia/workspace/code-generation/express-delivery-management-system-314154-314165/delivery_frontend/src/pages/customer/CreateDelivery.js", "pattern": "/^export function CreateDelivery() {$/", "language": "JavaScript", "kind": "function", "signature": "()"}, {"_type": "tag", "name": "onSubmit", "path": "/home/kavia/workspace/code-generation/express-delivery-management-system-314154-314165/delivery_frontend/src/pages/customer/CreateDelivery.js", "pattern": "/^  async function onSubmit(evt) {$/", "language": "JavaScript", "kind": "function", "signature": "(evt)", "scope": "CreateDelivery", "scopeKind": "function"}, {"_type": "tag", "name": "packageDetails", "path": "/home/kavia/workspace/code-generation/express-delivery-management-system-314154-314165/delivery_frontend/src/pages/customer/CreateDelivery.js", "pattern": "/^                    value={packageDetails}$/", "language": "JavaScript", "kind": "field", "scope": "value", "scopeKind": "class"}, {"_type": "tag", "name": "validate", "path": "/home/kavia/workspace/code-generation/express-delivery-management-system-314154-314165/delivery_frontend/src/pages/customer/CreateDelivery.js", "pattern": "/^  function validate() {$/", "language": "JavaScript", "kind": "function", "signature": "()", "scope": "CreateDelivery", "scopeKind": "function"}], "hash": "b4e4fc4e3ed7021401adec31a2acba2e", "format-version": 4, "code-base-name": "delivery_frontend", "filename": "delivery_frontend/src/pages/customer/CreateDelivery.js", "fields": [{"name": "rows={4}", "scope": "rows", "scopeKind": "class", "description": "unavailable"}, {"name": "value={packageDetails}", "scope": "value", "scopeKind": "class", "description": "unavailable"}], "revision_history": [{"70": "dd4c8f1828388f3eba00b800208f05bedbaf5272"}]}