{"is_source_file": false, "format": "", "description": "", "external_files": [], "external_methods": [], "published": [], "classes": [], "methods": [], "calls": [], "search-terms": [], "state": 2, "file_id": 2, "knowledge_revision": 15, "git_revision": "2f452fc866dea32d0e18c45b85f99bc46ff5a7c3", "hash": "ebece526bc2eadd78ddd787a76c56607", "format-version": 4, "code-base-name": "delivery_frontend", "filename": "delivery_frontend/README.md", "revision_history": [{"15": "2f452fc866dea32d0e18c45b85f99bc46ff5a7c3"}]}