{"is_source_file": true, "format": "JavaScript (React JSX)", "description": "This file defines a React functional component 'Register' for the user registration page in the frontend of an express delivery management system. It handles registration for different roles ('customer' and 'courier'), including form validation, state management, and interaction with authentication and API hooks.", "external_files": ["../../auth/AuthContext", "../../components/toast/ToastProvider", "../../api/client", "react", "react-router-dom"], "external_methods": ["useAuth", "useToast", "useNavigate", "isBackendConfigured"], "published": ["Register"], "classes": [], "methods": [{"name": "validate()", "description": "Validates form inputs, checking email format, role selection, password length, and password confirmation.", "scope": "Register", "scopeKind": "function"}, {"name": "onSubmit(evt)", "description": "Handles form submission: validates inputs, checks backend configuration, calls registration API, and navigates based on role.", "scope": "Register", "scopeKind": "function"}, {"name": "Register()", "scope": "", "scopeKind": "", "description": "unavailable"}], "calls": ["useAuth()", "useToast()", "useNavigate()", "isBackendConfigured()", "auth.register()", "navigate()", "toast.error()"], "search-terms": ["Register React component", "registration form", "role-based registration", "useAuth", "useToast", "react-router-dom", "API call"], "state": 2, "file_id": 28, "knowledge_revision": 69, "git_revision": "dd4c8f1828388f3eba00b800208f05bedbaf5272", "ctags": [{"_type": "tag", "name": "Register", "path": "/home/kavia/workspace/code-generation/express-delivery-management-system-314154-314165/delivery_frontend/src/pages/auth/Register.js", "pattern": "/^export function Register() {$/", "language": "JavaScript", "kind": "function", "signature": "()"}, {"_type": "tag", "name": "confirm", "path": "/home/kavia/workspace/code-generation/express-delivery-management-system-314154-314165/delivery_frontend/src/pages/auth/Register.js", "pattern": "/^                    value={confirm}$/", "language": "JavaScript", "kind": "field", "scope": "value", "scopeKind": "class"}, {"_type": "tag", "name": "onSubmit", "path": "/home/kavia/workspace/code-generation/express-delivery-management-system-314154-314165/delivery_frontend/src/pages/auth/Register.js", "pattern": "/^  async function onSubmit(evt) {$/", "language": "JavaScript", "kind": "function", "signature": "(evt)", "scope": "Register", "scopeKind": "function"}, {"_type": "tag", "name": "password", "path": "/home/kavia/workspace/code-generation/express-delivery-management-system-314154-314165/delivery_frontend/src/pages/auth/Register.js", "pattern": "/^                    value={password}$/", "language": "JavaScript", "kind": "field", "scope": "value", "scopeKind": "class"}, {"_type": "tag", "name": "validate", "path": "/home/kavia/workspace/code-generation/express-delivery-management-system-314154-314165/delivery_frontend/src/pages/auth/Register.js", "pattern": "/^  function validate() {$/", "language": "JavaScript", "kind": "function", "signature": "()", "scope": "Register", "scopeKind": "function"}], "hash": "0d1282e21d00eb3079d0100bc02969b4", "format-version": 4, "code-base-name": "delivery_frontend", "filename": "delivery_frontend/src/pages/auth/Register.js", "fields": [{"name": "value={confirm}", "scope": "value", "scopeKind": "class", "description": "unavailable"}, {"name": "value={password}", "scope": "value", "scopeKind": "class", "description": "unavailable"}], "revision_history": [{"69": "dd4c8f1828388f3eba00b800208f05bedbaf5272"}]}