{"is_source_file": true, "format": "JavaScript", "description": "This file defines a React context and provider component for authentication state management in a React application. It includes functions for login, registration, and logout, and exposes authentication status and user information via context.", "external_files": ["../api/client", "./authStorage", "../components/toast/ToastProvider"], "external_methods": ["api.post", "setAuth", "clearAuth", "getAuthUser", "isAuthenticated", "useToast"], "published": ["AuthProvider", "useAuth"], "classes": [], "methods": [{"name": "AuthProvider({ children })", "description": "React component providing authentication context to its children, managing login, registration, and logout states.", "scope": "", "scopeKind": ""}, {"name": "useAuth()", "description": "Custom hook to access authentication context and state.", "scope": "", "scopeKind": ""}, {"name": "login({ email, password })", "scope": "AuthProvider", "scopeKind": "function", "description": "unavailable"}, {"name": "logout()", "scope": "AuthProvider", "scopeKind": "function", "description": "unavailable"}, {"name": "register({ email, password, role })", "scope": "AuthProvider", "scopeKind": "function", "description": "unavailable"}], "calls": ["React.createContext", "useContext", "useEffect", "useMemo", "useState", "api.post", "setAuth", "clearAuth", "getAuthUser", "isAuthenticated", "useToast", "toast.success", "toast.info"], "search-terms": ["AuthContext", "AuthProvider", "useAuth", "login", "register", "logout", "authentication state", "auth storage"], "state": 2, "file_id": 15, "knowledge_revision": 57, "git_revision": "dd4c8f1828388f3eba00b800208f05bedbaf5272", "ctags": [{"_type": "tag", "name": "AuthContext", "path": "/home/kavia/workspace/code-generation/express-delivery-management-system-314154-314165/delivery_frontend/src/auth/AuthContext.js", "pattern": "/^const AuthContext = createContext(null);$/", "language": "JavaScript", "kind": "constant"}, {"_type": "tag", "name": "AuthProvider", "path": "/home/kavia/workspace/code-generation/express-delivery-management-system-314154-314165/delivery_frontend/src/auth/AuthContext.js", "pattern": "/^export function AuthProvider({ children }) {$/", "language": "JavaScript", "kind": "function", "signature": "({ children })"}, {"_type": "tag", "name": "login", "path": "/home/kavia/workspace/code-generation/express-delivery-management-system-314154-314165/delivery_frontend/src/auth/AuthContext.js", "pattern": "/^  async function login({ email, password }) {$/", "language": "JavaScript", "kind": "function", "signature": "({ email, password })", "scope": "AuthProvider", "scopeKind": "function"}, {"_type": "tag", "name": "logout", "path": "/home/kavia/workspace/code-generation/express-delivery-management-system-314154-314165/delivery_frontend/src/auth/AuthContext.js", "pattern": "/^  function logout() {$/", "language": "JavaScript", "kind": "function", "signature": "()", "scope": "AuthProvider", "scopeKind": "function"}, {"_type": "tag", "name": "register", "path": "/home/kavia/workspace/code-generation/express-delivery-management-system-314154-314165/delivery_frontend/src/auth/AuthContext.js", "pattern": "/^  async function register({ email, password, role }) {$/", "language": "JavaScript", "kind": "function", "signature": "({ email, password, role })", "scope": "AuthProvider", "scopeKind": "function"}, {"_type": "tag", "name": "useAuth", "path": "/home/kavia/workspace/code-generation/express-delivery-management-system-314154-314165/delivery_frontend/src/auth/AuthContext.js", "pattern": "/^export function useAuth() {$/", "language": "JavaScript", "kind": "function", "signature": "()"}, {"_type": "tag", "name": "value", "path": "/home/kavia/workspace/code-generation/express-delivery-management-system-314154-314165/delivery_frontend/src/auth/AuthContext.js", "pattern": "/^  return <AuthContext.Provider value={value}>{children}<\\/AuthContext.Provider>;$/", "language": "JavaScript", "kind": "field", "scope": "Provider", "scopeKind": "class"}], "hash": "b96b34af026ebb171e59698c16ed1fde", "format-version": 4, "code-base-name": "delivery_frontend", "filename": "delivery_frontend/src/auth/AuthContext.js", "fields": [{"name": "return <AuthContext.Provider value={value}>{children}<\\/AuthContext.Provider>;", "scope": "Provider", "scopeKind": "class", "description": "unavailable"}], "revision_history": [{"57": "dd4c8f1828388f3eba00b800208f05bedbaf5272"}]}