{"is_source_file": true, "format": "JavaScript (React JSX)", "description": "This file defines a React component called TopBar, which renders the top navigation bar for a web application. It includes page title management based on the current route, notifications indicator with dropdown, user profile initials, and navigation controls.", "external_files": ["../../auth/AuthContext", "../../notifications/NotificationsContext", "react", "react-router-dom"], "external_methods": ["useAuth", "useNotifications", "useLocation", "useNavigate"], "published": ["TopBar"], "classes": [], "methods": [{"name": "BellIcon()", "description": "A React component that renders a bell icon SVG used for notifications indicator.", "scope": "", "scopeKind": ""}, {"name": "routeTitle(pathname)", "description": "Function that returns the page title string based on the current pathname.", "scope": "", "scopeKind": ""}, {"name": "TopBar()", "scope": "", "scopeKind": "", "description": "unavailable"}], "calls": ["useLocation()", "useAuth()", "useNavigate()", "useNotifications()", "getComputedStyle(document.documentElement).getPropertyValue('--primary')", "notifications.markAllRead()", "setOpen()", "navigate()", "notifications.items.filter()", "notifications.items.slice()", "notifications.items.map()"], "search-terms": ["TopBar component", "notifications dropdown", "route title mapping", "React hooks in TopBar", "user initials", "notifications handling", "profile menu"], "state": 2, "file_id": 22, "knowledge_revision": 63, "git_revision": "dd4c8f1828388f3eba00b800208f05bedbaf5272", "ctags": [{"_type": "tag", "name": "BellIcon", "path": "/home/kavia/workspace/code-generation/express-delivery-management-system-314154-314165/delivery_frontend/src/components/layout/TopBar.js", "pattern": "/^function BellIcon() {$/", "language": "JavaScript", "kind": "function", "signature": "()"}, {"_type": "tag", "name": "TopBar", "path": "/home/kavia/workspace/code-generation/express-delivery-management-system-314154-314165/delivery_frontend/src/components/layout/TopBar.js", "pattern": "/^export function TopBar() {$/", "language": "JavaScript", "kind": "function", "signature": "()"}, {"_type": "tag", "name": "auth", "path": "/home/kavia/workspace/code-generation/express-delivery-management-system-314154-314165/delivery_frontend/src/components/layout/TopBar.js", "pattern": "/^          title={auth.user?.email || \"Guest\"}$/", "language": "JavaScript", "kind": "field", "scope": "TopBar.title", "scopeKind": "class"}, {"_type": "tag", "name": "iconBtn ${unreadCount ? \"badgeDot\" : \"\"}", "path": "/home/kavia/workspace/code-generation/express-delivery-management-system-314154-314165/delivery_frontend/src/components/layout/TopBar.js", "pattern": "/^          className={`iconBtn ${unreadCount ? \"badgeDot\" : \"\"}`}$/", "language": "JavaScript", "kind": "field", "scope": "TopBar.className", "scopeKind": "class"}, {"_type": "tag", "name": "routeTitle", "path": "/home/kavia/workspace/code-generation/express-delivery-management-system-314154-314165/delivery_frontend/src/components/layout/TopBar.js", "pattern": "/^function routeTitle(pathname) {$/", "language": "JavaScript", "kind": "function", "signature": "(pathname)"}], "hash": "5557d34d56212cf623fbb7f4d89ad4d4", "format-version": 4, "code-base-name": "delivery_frontend", "filename": "delivery_frontend/src/components/layout/TopBar.js", "fields": [{"name": "title={auth.user?.email || \"Guest\"}", "scope": "TopBar.title", "scopeKind": "class", "description": "unavailable"}, {"name": "className={`iconBtn ${unreadCount ? \"badgeDot\" : \"\"}`}", "scope": "TopBar.className", "scopeKind": "class", "description": "unavailable"}], "revision_history": [{"63": "dd4c8f1828388f3eba00b800208f05bedbaf5272"}]}