{"is_source_file": false, "format": "", "description": "", "external_files": [], "external_methods": [], "published": [], "classes": [], "methods": [], "calls": [], "search-terms": [], "state": 2, "file_id": 10, "knowledge_revision": 19, "git_revision": "2f452fc866dea32d0e18c45b85f99bc46ff5a7c3", "hash": "d2b40d02d5f7873d8a6713bad837edd4", "format-version": 4, "code-base-name": "delivery_frontend", "filename": "delivery_frontend/public/index.html", "revision_history": [{"19": "2f452fc866dea32d0e18c45b85f99bc46ff5a7c3"}]}