{"is_source_file": true, "format": "JavaScript (React JSX)", "description": "This file defines a React component called AppLayout that sets up the main layout of a web application's interface, including sidebar, topbar, and an outlet for nested routes.", "external_files": ["./Sidebar", "./TopBar", "react", "react-router-dom"], "external_methods": ["React", "Outlet"], "published": ["AppLayout"], "classes": [], "methods": [{"name": "AppLayout()", "description": "Functional React component that renders the application's main layout with sidebar and topbar.", "scope": "", "scopeKind": ""}], "calls": ["React", "Sidebar", "TopBar", "Outlet"], "search-terms": ["AppLayout", "React", "Sidebar", "TopBar", "layout", "react-router-dom", "jsx", "component"], "state": 2, "file_id": 35, "knowledge_revision": 76, "git_revision": "dd4c8f1828388f3eba00b800208f05bedbaf5272", "ctags": [{"_type": "tag", "name": "AppLayout", "path": "/home/kavia/workspace/code-generation/express-delivery-management-system-314154-314165/delivery_frontend/src/components/layout/AppLayout.js", "pattern": "/^export function AppLayout() {$/", "language": "JavaScript", "kind": "function", "signature": "()"}], "hash": "64cb31eec1682644f626395eccad10ee", "format-version": 4, "code-base-name": "delivery_frontend", "filename": "delivery_frontend/src/components/layout/AppLayout.js", "revision_history": [{"76": "dd4c8f1828388f3eba00b800208f05bedbaf5272"}]}