{"is_source_file": true, "format": "JavaScript", "description": "This file defines and exports multiple asynchronous functions that interact with a delivery management API. These functions handle creating deliveries, listing deliveries for users and couriers, fetching delivery details, listing available courier jobs, listing assigned deliveries, and updating delivery statuses.", "external_files": ["./client"], "external_methods": ["api.post", "api.get"], "published": ["createDelivery", "listMyDeliveries", "getDeliveryById", "listAvailableJobs", "listAssignedDeliveries", "updateDeliveryStatus"], "classes": [], "methods": [{"name": "createDelivery(payload)", "description": "Creates a delivery request for a customer, sending payload data to the API.", "scope": "", "scopeKind": ""}, {"name": "listMyDeliveries()", "description": "Retrieves a list of deliveries for the current user.", "scope": "", "scopeKind": ""}, {"name": "getDeliveryById(id)", "description": "Fetches details of a specific delivery by its ID.", "scope": "", "scopeKind": ""}, {"name": "listAvailableJobs()", "description": "Lists available delivery jobs for couriers.", "scope": "", "scopeKind": ""}, {"name": "listAssignedDeliveries()", "description": "Lists deliveries assigned to the current courier.", "scope": "", "scopeKind": ""}, {"name": "updateDeliveryStatus(id, status)", "description": "Updates the status of a delivery by its ID and new status value.", "scope": "", "scopeKind": ""}], "calls": ["api.post(\"/deliveries\", payload)", "api.get(\"/deliveries/my\")", "api.get(`/deliveries/${encodeURIComponent(id)}`)", "api.get(\"/courier/jobs\")", "api.get(\"/courier/assigned\")", "api.post(`/deliveries/${encodeURIComponent(id)}/status`, { status })"], "search-terms": ["deliveries API functions", "delivery management", "courier jobs", "delivery status update", "deliveries.js"], "state": 2, "file_id": 24, "knowledge_revision": 65, "git_revision": "dd4c8f1828388f3eba00b800208f05bedbaf5272", "ctags": [{"_type": "tag", "name": "createDelivery", "path": "/home/kavia/workspace/code-generation/express-delivery-management-system-314154-314165/delivery_frontend/src/api/deliveries.js", "pattern": "/^export async function createDelivery(payload) {$/", "language": "JavaScript", "kind": "function", "signature": "(payload)"}, {"_type": "tag", "name": "getDeliveryById", "path": "/home/kavia/workspace/code-generation/express-delivery-management-system-314154-314165/delivery_frontend/src/api/deliveries.js", "pattern": "/^export async function getDeliveryById(id) {$/", "language": "JavaScript", "kind": "function", "signature": "(id)"}, {"_type": "tag", "name": "listAssignedDeliveries", "path": "/home/kavia/workspace/code-generation/express-delivery-management-system-314154-314165/delivery_frontend/src/api/deliveries.js", "pattern": "/^export async function listAssignedDeliveries() {$/", "language": "JavaScript", "kind": "function", "signature": "()"}, {"_type": "tag", "name": "listAvailableJobs", "path": "/home/kavia/workspace/code-generation/express-delivery-management-system-314154-314165/delivery_frontend/src/api/deliveries.js", "pattern": "/^export async function listAvailableJobs() {$/", "language": "JavaScript", "kind": "function", "signature": "()"}, {"_type": "tag", "name": "listMyDeliveries", "path": "/home/kavia/workspace/code-generation/express-delivery-management-system-314154-314165/delivery_frontend/src/api/deliveries.js", "pattern": "/^export async function listMyDeliveries() {$/", "language": "JavaScript", "kind": "function", "signature": "()"}, {"_type": "tag", "name": "updateDeliveryStatus", "path": "/home/kavia/workspace/code-generation/express-delivery-management-system-314154-314165/delivery_frontend/src/api/deliveries.js", "pattern": "/^export async function updateDeliveryStatus(id, status) {$/", "language": "JavaScript", "kind": "function", "signature": "(id, status)"}], "hash": "bd38e568169159972211c57422cdb8a0", "format-version": 4, "code-base-name": "delivery_frontend", "filename": "delivery_frontend/src/api/deliveries.js", "revision_history": [{"65": "dd4c8f1828388f3eba00b800208f05bedbaf5272"}]}