{"is_source_file": true, "format": "JavaScript (React JSX)", "description": "This file defines the Dashboard component for a delivery management web application's frontend. It renders a landing page with a map placeholder, user authentication-dependent actions, and some static theming info.", "external_files": ["../auth/AuthContext", "../components/layout/MapPlaceholder", "../components/layout/SetupBanner", "react", "react-router-dom"], "external_methods": ["useAuth"], "published": ["Dashboard"], "classes": [], "methods": [{"name": "Dashboard()", "description": "React functional component rendering the main dashboard page, including conditional UI based on user authentication and role.", "scope": "", "scopeKind": ""}], "calls": ["useAuth", "MapPlaceholder", "SetupBanner", "Link"], "search-terms": ["Dashboard.jsx", "React component", "MapPlaceholder", "auth context", "real-time tracking", "user role", "conditional rendering"], "state": 2, "file_id": 26, "knowledge_revision": 67, "git_revision": "dd4c8f1828388f3eba00b800208f05bedbaf5272", "ctags": [{"_type": "tag", "name": "Dashboard", "path": "/home/kavia/workspace/code-generation/express-delivery-management-system-314154-314165/delivery_frontend/src/pages/Dashboard.js", "pattern": "/^export function Dashboard() {$/", "language": "JavaScript", "kind": "function", "signature": "()"}], "hash": "4818b55b3cb4521b0c0e2dc240b6c7da", "format-version": 4, "code-base-name": "delivery_frontend", "filename": "delivery_frontend/src/pages/Dashboard.js", "revision_history": [{"67": "dd4c8f1828388f3eba00b800208f05bedbaf5272"}]}