{"is_source_file": true, "file_id": 14, "git_revision": "", "state": 1, "description": "", "external_files": [], "external_methods": [], "published": [], "classes": [], "methods": [], "calls": [], "search-terms": [], "ctags": [{"_type": "tag", "name": "TOKEN_KEY", "path": "/home/kavia/workspace/code-generation/express-delivery-management-system-314154-314165/delivery_frontend/src/auth/authStorage.js", "pattern": "/^const TOKEN_KEY = \"delivery.jwt\";$/", "language": "JavaScript", "kind": "constant"}, {"_type": "tag", "name": "USER_KEY", "path": "/home/kavia/workspace/code-generation/express-delivery-management-system-314154-314165/delivery_frontend/src/auth/authStorage.js", "pattern": "/^const USER_KEY = \"delivery.user\";$/", "language": "JavaScript", "kind": "constant"}, {"_type": "tag", "name": "clearAuth", "path": "/home/kavia/workspace/code-generation/express-delivery-management-system-314154-314165/delivery_frontend/src/auth/authStorage.js", "pattern": "/^export function clearAuth() {$/", "language": "JavaScript", "kind": "function", "signature": "()"}, {"_type": "tag", "name": "getAuthToken", "path": "/home/kavia/workspace/code-generation/express-delivery-management-system-314154-314165/delivery_frontend/src/auth/authStorage.js", "pattern": "/^export function getAuthToken() {$/", "language": "JavaScript", "kind": "function", "signature": "()"}, {"_type": "tag", "name": "getAuthUser", "path": "/home/kavia/workspace/code-generation/express-delivery-management-system-314154-314165/delivery_frontend/src/auth/authStorage.js", "pattern": "/^export function getAuthUser() {$/", "language": "JavaScript", "kind": "function", "signature": "()"}, {"_type": "tag", "name": "isAuthenticated", "path": "/home/kavia/workspace/code-generation/express-delivery-management-system-314154-314165/delivery_frontend/src/auth/authStorage.js", "pattern": "/^export function isAuthenticated() {$/", "language": "JavaScript", "kind": "function", "signature": "()"}, {"_type": "tag", "name": "setAuth", "path": "/home/kavia/workspace/code-generation/express-delivery-management-system-314154-314165/delivery_frontend/src/auth/authStorage.js", "pattern": "/^export function setAuth({ token, user }) {$/", "language": "JavaScript", "kind": "function", "signature": "({ token, user })"}], "format": "JavaScript", "hash": "89ad0f12595389e72b38f913608c5716", "format-version": 4, "code-base-name": "delivery_frontend", "filename": "delivery_frontend/src/auth/authStorage.js", "knowledge_revision": 30}