{"is_source_file": true, "format": "JavaScript (React JSX)", "description": "This file implements a Toast notification system in a React application, including context setup, provider component, toast item rendering, and a custom hook for usage.", "external_files": ["react"], "external_methods": ["React.createContext", "React.useContext", "React.useMemo", "React.useState", "window.setTimeout"], "published": ["ToastProvider", "useToast"], "classes": [], "methods": [{"name": "id()", "description": "Generates a random identifier string for toast instances.", "scope": "", "scopeKind": ""}, {"name": "ToastItem({ toast, onClose })", "description": "A React component that renders individual toast notifications.", "scope": "", "scopeKind": ""}, {"name": "ToastProvider", "description": "React context provider component that manages toast notifications state and provides helper methods."}, {"name": "useToast", "description": "Custom hook to access toast notification methods within components."}, {"name": "push({ title, body, variant = \"info\", timeoutMs = 3500 })", "scope": "ToastItem", "scopeKind": "function", "description": "unavailable"}, {"name": "remove(toastId)", "scope": "ToastItem", "scopeKind": "function", "description": "unavailable"}], "calls": ["React.createContext", "React.useContext", "React.useMemo", "React.useState", "window.setTimeout", "setToasts", "filter", "map"], "search-terms": ["ToastProvider", "useToast", "toast", "notification", "context", "React context", "toast variant", "toast messages"], "state": 2, "file_id": 18, "knowledge_revision": 59, "git_revision": "dd4c8f1828388f3eba00b800208f05bedbaf5272", "ctags": [{"_type": "tag", "name": "ToastContext", "path": "/home/kavia/workspace/code-generation/express-delivery-management-system-314154-314165/delivery_frontend/src/components/toast/ToastProvider.js", "pattern": "/^const ToastContext = createContext(null);$/", "language": "JavaScript", "kind": "constant"}, {"_type": "tag", "name": "ToastItem", "path": "/home/kavia/workspace/code-generation/express-delivery-management-system-314154-314165/delivery_frontend/src/components/toast/ToastProvider.js", "pattern": "/^function ToastItem({ toast, onClose }) {$/", "language": "JavaScript", "kind": "function", "signature": "({ toast, onClose })"}, {"_type": "tag", "name": "api", "path": "/home/kavia/workspace/code-generation/express-delivery-management-system-314154-314165/delivery_frontend/src/components/toast/ToastProvider.js", "pattern": "/^    <ToastContext.Provider value={api}>$/", "language": "JavaScript", "kind": "field", "scope": "Provider", "scopeKind": "class"}, {"_type": "tag", "name": "id", "path": "/home/kavia/workspace/code-generation/express-delivery-management-system-314154-314165/delivery_frontend/src/components/toast/ToastProvider.js", "pattern": "/^    const toast = { id: id(), title, body, variant };$/", "language": "JavaScript", "kind": "property", "scope": "ToastItem.push.toast", "scopeKind": "class"}, {"_type": "tag", "name": "id", "path": "/home/kavia/workspace/code-generation/express-delivery-management-system-314154-314165/delivery_frontend/src/components/toast/ToastProvider.js", "pattern": "/^function id() {$/", "language": "JavaScript", "kind": "function", "signature": "()"}, {"_type": "tag", "name": "push", "path": "/home/kavia/workspace/code-generation/express-delivery-management-system-314154-314165/delivery_frontend/src/components/toast/ToastProvider.js", "pattern": "/^  function push({ title, body, variant = \"info\", timeoutMs = 3500 }) {$/", "language": "JavaScript", "kind": "function", "signature": "({ title, body, variant = \"info\", timeoutMs = 3500 })", "scope": "ToastItem", "scopeKind": "function"}, {"_type": "tag", "name": "remove", "path": "/home/kavia/workspace/code-generation/express-delivery-management-system-314154-314165/delivery_frontend/src/components/toast/ToastProvider.js", "pattern": "/^  function remove(toastId) {$/", "language": "JavaScript", "kind": "function", "signature": "(toastId)", "scope": "ToastItem", "scopeKind": "function"}, {"_type": "tag", "name": "title", "path": "/home/kavia/workspace/code-generation/express-delivery-management-system-314154-314165/delivery_frontend/src/components/toast/ToastProvider.js", "pattern": "/^    const toast = { id: id(), title, body, variant };$/", "language": "JavaScript", "kind": "field", "scope": "ToastItem.push.toast", "scopeKind": "class"}, {"_type": "tag", "name": "toast ${variantClass}", "path": "/home/kavia/workspace/code-generation/express-delivery-management-system-314154-314165/delivery_frontend/src/components/toast/ToastProvider.js", "pattern": "/^    <div className={`toast ${variantClass}`} role=\"status\" aria-live=\"polite\">$/", "language": "JavaScript", "kind": "field", "scope": "ToastItem.AnonymousClass782041470101", "scopeKind": "class"}, {"_type": "tag", "name": "toast", "path": "/home/kavia/workspace/code-generation/express-delivery-management-system-314154-314165/delivery_frontend/src/components/toast/ToastProvider.js", "pattern": "/^    const toast = { id: id(), title, body, variant };$/", "language": "JavaScript", "kind": "class", "scope": "ToastItem.push", "scopeKind": "class"}], "hash": "9166ffac98709d33673b75b516a1a659", "format-version": 4, "code-base-name": "delivery_frontend", "filename": "delivery_frontend/src/components/toast/ToastProvider.js", "fields": [{"name": "<ToastContext.Provider value={api}>", "scope": "Provider", "scopeKind": "class", "description": "unavailable"}, {"name": "const toast = { id: id(), title, body, variant };", "scope": "ToastItem.push.toast", "scopeKind": "class", "description": "unavailable"}, {"name": "<div className={`toast ${variantClass}`} role=\"status\" aria-live=\"polite\">", "scope": "ToastItem.AnonymousClass782041470101", "scopeKind": "class", "description": "unavailable"}], "revision_history": [{"59": "dd4c8f1828388f3eba00b800208f05bedbaf5272"}]}