{"is_source_file": true, "format": "JavaScript", "description": "This file sets up an Axios API client for frontend communication with a backend server, including configuration, request and response interceptors, and utility functions to access the backend URL.", "external_files": ["../auth/authStorage"], "external_methods": ["getAuthToken", "clearAuth"], "published": ["isBackendConfigured", "getBackendBaseURL"], "classes": [], "methods": [{"name": "isBackendConfigured()", "description": "Returns true if a backend base URL is configured.", "scope": "", "scopeKind": ""}, {"name": "getBackendBaseURL()", "description": "Returns the configured backend base URL (or empty string).", "scope": "", "scopeKind": ""}, {"name": "getBaseURL()", "scope": "", "scopeKind": "", "description": "unavailable"}], "calls": ["getAuthToken", "clearAuth", "axios.create", "api.interceptors.request.use", "api.interceptors.response.use"], "search-terms": ["axios", "interceptors", "authToken", "backend URL", "API client", "React environment variables"], "state": 2, "file_id": 13, "knowledge_revision": 55, "git_revision": "dd4c8f1828388f3eba00b800208f05bedbaf5272", "ctags": [{"_type": "tag", "name": "api", "path": "/home/kavia/workspace/code-generation/express-delivery-management-system-314154-314165/delivery_frontend/src/api/client.js", "pattern": "/^const api = axios.create({$/", "language": "JavaScript", "kind": "constant"}, {"_type": "tag", "name": "getBackendBaseURL", "path": "/home/kavia/workspace/code-generation/express-delivery-management-system-314154-314165/delivery_frontend/src/api/client.js", "pattern": "/^export function getBackendBaseURL() {$/", "language": "JavaScript", "kind": "function", "signature": "()"}, {"_type": "tag", "name": "getBaseURL", "path": "/home/kavia/workspace/code-generation/express-delivery-management-system-314154-314165/delivery_frontend/src/api/client.js", "pattern": "/^function getBaseURL() {$/", "language": "JavaScript", "kind": "function", "signature": "()"}, {"_type": "tag", "name": "isBackendConfigured", "path": "/home/kavia/workspace/code-generation/express-delivery-management-system-314154-314165/delivery_frontend/src/api/client.js", "pattern": "/^export function isBackendConfigured() {$/", "language": "JavaScript", "kind": "function", "signature": "()"}], "hash": "9d077f5725aa671a86c0513ab7ed378d", "format-version": 4, "code-base-name": "delivery_frontend", "filename": "delivery_frontend/src/api/client.js", "revision_history": [{"55": "dd4c8f1828388f3eba00b800208f05bedbaf5272"}]}