{"is_source_file": true, "format": "JavaScript (React JSX)", "description": "This is the main application entry point for a React-based delivery management frontend. It sets up routing, context providers for authentication, notifications, and toasts, and defines the route structure for customer and courier roles with certain protected routes.", "external_files": ["./auth/AuthContext", "./auth/ProtectedRoute", "./components/toast/ToastProvider", "./notifications/NotificationsContext", "./components/layout/AppLayout", "./pages/Dashboard", "./pages/auth/Login", "./pages/auth/Register", "./pages/customer/CreateDelivery", "./pages/customer/MyDeliveries", "./pages/DeliveryDetails", "./pages/NotificationsPage", "./pages/courier/AvailableJobs", "./pages/courier/MyAssignedDeliveries", "./App.css"], "external_methods": ["React", "BrowserRouter", "Route", "Routes", "AuthProvider", "ProtectedRoute", "ToastProvider", "NotificationsProvider", "AppLayout", "Dashboard", "Login", "Register", "CreateDelivery", "MyDeliveries", "DeliveryDetails", "NotificationsPage", "AvailableJobs", "MyAssignedDeliveries"], "published": [], "classes": [], "methods": [{"name": "App()", "description": "Main functional component that sets up routing and global providers for the application.", "scope": "", "scopeKind": ""}], "calls": ["React", "BrowserRouter", "Routes", "Route", "<Route />", "AuthProvider", "NotificationsProvider", "ToastProvider", "AppLayout", "Dashboard", "Login", "Register", "NotificationsPage", "CreateDelivery", "MyDeliveries", "DeliveryDetails", "AvailableJobs", "MyAssignedDeliveries", "ProtectedRoute"], "search-terms": ["React routing setup", "ProtectedRoute", "AuthProvider context", "NotificationsProvider context", "Delivery management frontend", "Main App component"], "state": 2, "file_id": 3, "knowledge_revision": 52, "git_revision": "dd4c8f1828388f3eba00b800208f05bedbaf5272", "revision_history": [{"22": "2f452fc866dea32d0e18c45b85f99bc46ff5a7c3"}, {"52": "dd4c8f1828388f3eba00b800208f05bedbaf5272"}], "ctags": [{"_type": "tag", "name": "App", "path": "/home/kavia/workspace/code-generation/express-delivery-management-system-314154-314165/delivery_frontend/src/App.js", "pattern": "/^function App() {$/", "language": "JavaScript", "kind": "function", "signature": "()"}, {"_type": "tag", "name": "[\"customer\", \"courier\"]", "path": "/home/kavia/workspace/code-generation/express-delivery-management-system-314154-314165/delivery_frontend/src/App.js", "pattern": "/^                <Route element={<ProtectedRoute roles={[\"customer\", \"courier\"]} \\/>}>$/", "language": "JavaScript", "kind": "field", "scope": "App.AnonymousClass6e8b5cc30401", "scopeKind": "class"}, {"_type": "tag", "name": "courier", "path": "/home/kavia/workspace/code-generation/express-delivery-management-system-314154-314165/delivery_frontend/src/App.js", "pattern": "/^                <Route element={<ProtectedRoute roles={[\"courier\"]} \\/>}>$/", "language": "JavaScript", "kind": "field", "scope": "App.AnonymousClass6e8b5cc30301", "scopeKind": "class"}, {"_type": "tag", "name": "customer", "path": "/home/kavia/workspace/code-generation/express-delivery-management-system-314154-314165/delivery_frontend/src/App.js", "pattern": "/^                <Route element={<ProtectedRoute roles={[\"customer\"]} \\/>}>$/", "language": "JavaScript", "kind": "field", "scope": "App.AnonymousClass6e8b5cc30201", "scopeKind": "class"}], "hash": "0fff9b0f34d267e57115b2f234343793", "format-version": 4, "code-base-name": "delivery_frontend", "filename": "delivery_frontend/src/App.js", "fields": [{"name": "<Route element={<ProtectedRoute roles={[\"customer\", \"courier\"]} \\/>}>", "scope": "App.AnonymousClass6e8b5cc30401", "scopeKind": "class", "description": "unavailable"}, {"name": "<Route element={<ProtectedRoute roles={[\"courier\"]} \\/>}>", "scope": "App.AnonymousClass6e8b5cc30301", "scopeKind": "class", "description": "unavailable"}, {"name": "<Route element={<ProtectedRoute roles={[\"customer\"]} \\/>}>", "scope": "App.AnonymousClass6e8b5cc30201", "scopeKind": "class", "description": "unavailable"}]}