{"is_source_file": false, "format": "", "description": "", "external_files": [], "external_methods": [], "published": [], "classes": [], "methods": [], "calls": [], "search-terms": [], "state": 2, "file_id": 9, "knowledge_revision": 17, "git_revision": "2f452fc866dea32d0e18c45b85f99bc46ff5a7c3", "hash": "d9d975cebe2ec20b6c652e1e4c12ccf0", "format-version": 4, "code-base-name": "delivery_frontend", "filename": "delivery_frontend/public/manifest.json", "revision_history": [{"17": "2f452fc866dea32d0e18c45b85f99bc46ff5a7c3"}]}