{"is_source_file": true, "format": "JavaScript", "description": "A lightweight real-time WebSocket client module designed for subscribing to delivery status and location updates. It provides methods to connect, subscribe to delivery updates, and close the connection, with configurable callbacks for message handling and status updates.", "external_files": ["WebSocket (built-in browser API)"], "external_methods": ["WebSocket"], "published": ["createRealtimeClient"], "classes": [], "methods": ["getWsUrl", "createRealtimeClient", "connect", "subscribeToDelivery", "close"], "calls": ["getWsUrl", "JSON.parse", "ws.send", "ws.close"], "search-terms": ["realtimeClient", "WebSocket", "subscribe", "delivery", "status updates"], "state": 2, "file_id": 17, "knowledge_revision": 33, "git_revision": "dd4c8f1828388f3eba00b800208f05bedbaf5272", "ctags": [{"_type": "tag", "name": "close", "path": "/home/kavia/workspace/code-generation/express-delivery-management-system-314154-314165/delivery_frontend/src/realtime/realtimeClient.js", "pattern": "/^  function close() {$/", "language": "JavaScript", "kind": "function", "signature": "()", "scope": "createRealtimeClient", "scopeKind": "function"}, {"_type": "tag", "name": "connect", "path": "/home/kavia/workspace/code-generation/express-delivery-management-system-314154-314165/delivery_frontend/src/realtime/realtimeClient.js", "pattern": "/^  function connect() {$/", "language": "JavaScript", "kind": "function", "signature": "()", "scope": "createRealtimeClient", "scopeKind": "function"}, {"_type": "tag", "name": "createRealtimeClient", "path": "/home/kavia/workspace/code-generation/express-delivery-management-system-314154-314165/delivery_frontend/src/realtime/realtimeClient.js", "pattern": "/^export function createRealtimeClient({ onMessage, onStatus } = {}) {$/", "language": "JavaScript", "kind": "function", "signature": "({ onMessage, onStatus } = {})"}, {"_type": "tag", "name": "getWsUrl", "path": "/home/kavia/workspace/code-generation/express-delivery-management-system-314154-314165/delivery_frontend/src/realtime/realtimeClient.js", "pattern": "/^function getWsUrl() {$/", "language": "JavaScript", "kind": "function", "signature": "()"}, {"_type": "tag", "name": "subscribeToDelivery", "path": "/home/kavia/workspace/code-generation/express-delivery-management-system-314154-314165/delivery_frontend/src/realtime/realtimeClient.js", "pattern": "/^  function subscribeToDelivery(deliveryId) {$/", "language": "JavaScript", "kind": "function", "signature": "(deliveryId)", "scope": "createRealtimeClient", "scopeKind": "function"}], "hash": "f847bd32e55d94ad573d413e7ab8ca6f", "format-version": 4, "code-base-name": "delivery_frontend", "filename": "delivery_frontend/src/realtime/realtimeClient.js"}