{"is_source_file": true, "format": "JavaScript", "description": "This file defines functions to manage authentication state by storing, retrieving, and clearing JWT tokens and user data in localStorage for a frontend web application.", "external_files": [], "external_methods": [], "published": ["setAuth", "getAuthToken", "getAuthUser", "clearAuth", "isAuthenticated"], "classes": [], "methods": [{"name": "setAuth({ token, user })", "description": "Stores the authentication token and user info into localStorage.", "scope": "", "scopeKind": ""}, {"name": "getAuthToken()", "description": "Retrieves the stored authentication token from localStorage.", "scope": "", "scopeKind": ""}, {"name": "getAuthUser()", "description": "Retrieves and parses the stored user information from localStorage.", "scope": "", "scopeKind": ""}, {"name": "clearAuth()", "description": "Removes stored authentication data from localStorage.", "scope": "", "scopeKind": ""}, {"name": "isAuthenticated()", "description": "Checks if an authentication token exists, indicating the user is authenticated.", "scope": "", "scopeKind": ""}], "calls": ["localStorage.setItem", "localStorage.getItem", "localStorage.removeItem", "JSON.stringify", "JSON.parse"], "search-terms": ["authStorage", "localStorage", "JWT", "token", "user data", "auth functions", "authentication state"], "state": 2, "file_id": 14, "knowledge_revision": 56, "git_revision": "dd4c8f1828388f3eba00b800208f05bedbaf5272", "ctags": [{"_type": "tag", "name": "TOKEN_KEY", "path": "/home/kavia/workspace/code-generation/express-delivery-management-system-314154-314165/delivery_frontend/src/auth/authStorage.js", "pattern": "/^const TOKEN_KEY = \"delivery.jwt\";$/", "language": "JavaScript", "kind": "constant"}, {"_type": "tag", "name": "USER_KEY", "path": "/home/kavia/workspace/code-generation/express-delivery-management-system-314154-314165/delivery_frontend/src/auth/authStorage.js", "pattern": "/^const USER_KEY = \"delivery.user\";$/", "language": "JavaScript", "kind": "constant"}, {"_type": "tag", "name": "clearAuth", "path": "/home/kavia/workspace/code-generation/express-delivery-management-system-314154-314165/delivery_frontend/src/auth/authStorage.js", "pattern": "/^export function clearAuth() {$/", "language": "JavaScript", "kind": "function", "signature": "()"}, {"_type": "tag", "name": "getAuthToken", "path": "/home/kavia/workspace/code-generation/express-delivery-management-system-314154-314165/delivery_frontend/src/auth/authStorage.js", "pattern": "/^export function getAuthToken() {$/", "language": "JavaScript", "kind": "function", "signature": "()"}, {"_type": "tag", "name": "getAuthUser", "path": "/home/kavia/workspace/code-generation/express-delivery-management-system-314154-314165/delivery_frontend/src/auth/authStorage.js", "pattern": "/^export function getAuthUser() {$/", "language": "JavaScript", "kind": "function", "signature": "()"}, {"_type": "tag", "name": "isAuthenticated", "path": "/home/kavia/workspace/code-generation/express-delivery-management-system-314154-314165/delivery_frontend/src/auth/authStorage.js", "pattern": "/^export function isAuthenticated() {$/", "language": "JavaScript", "kind": "function", "signature": "()"}, {"_type": "tag", "name": "setAuth", "path": "/home/kavia/workspace/code-generation/express-delivery-management-system-314154-314165/delivery_frontend/src/auth/authStorage.js", "pattern": "/^export function setAuth({ token, user }) {$/", "language": "JavaScript", "kind": "function", "signature": "({ token, user })"}], "hash": "89ad0f12595389e72b38f913608c5716", "format-version": 4, "code-base-name": "delivery_frontend", "filename": "delivery_frontend/src/auth/authStorage.js", "revision_history": [{"56": "dd4c8f1828388f3eba00b800208f05bedbaf5272"}]}