{"is_source_file": true, "format": "JavaScript (React JSX)", "description": "This file defines a React functional component named MapPlaceholder, used as a placeholder for a map component in a frontend application. It provides a static UI element with title and subtitle, including tips for environment variables setup.", "external_files": ["react"], "external_methods": [], "published": ["MapPlaceholder"], "classes": [], "methods": [{"name": "MapPlaceholder({ title = \"Live map tracking\", subtitle = \"Map integration will be wired once backend events are ready.\" })", "description": "A React functional component that renders a placeholder UI for a map, displaying title, subtitle, and usage tips.", "scope": "", "scopeKind": ""}], "calls": [], "search-terms": ["MapPlaceholder", "React component", "map placeholder", "frontend", "UI", "map integration", "MapPlaceholder.js"], "state": 2, "file_id": 19, "knowledge_revision": 60, "git_revision": "dd4c8f1828388f3eba00b800208f05bedbaf5272", "ctags": [{"_type": "tag", "name": "MapPlaceholder", "path": "/home/kavia/workspace/code-generation/express-delivery-management-system-314154-314165/delivery_frontend/src/components/layout/MapPlaceholder.js", "pattern": "/^export function MapPlaceholder({ title = \"Live map tracking\", subtitle = \"Map integration will b/", "language": "JavaScript", "kind": "function", "signature": "({ title = \"Live map tracking\", subtitle = \"Map integration will be wired once backend events are ready.\" })"}], "hash": "fa6e3f06b7e8351400786b6f70014093", "format-version": 4, "code-base-name": "delivery_frontend", "filename": "delivery_frontend/src/components/layout/MapPlaceholder.js", "revision_history": [{"60": "dd4c8f1828388f3eba00b800208f05bedbaf5272"}]}