{"is_source_file": true, "format": "JavaScript (React JSX)", "description": "This is a React component for the main application interface, handling theme toggling between light and dark modes and rendering UI elements like buttons, images, and links.", "external_files": ["./logo.svg", "./App.css"], "external_methods": [], "published": ["App"], "classes": [], "methods": [{"name": "App()", "description": "Main React functional component implementing theme toggle UI and document theme application.", "scope": "", "scopeKind": ""}, {"name": "toggleTheme", "description": "Event handler to switch between 'light' and 'dark' themes."}], "calls": ["React.useState", "React.useEffect", "document.documentElement.setAttribute"], "search-terms": ["React", "useState", "useEffect", "theme toggle", "App.js React component", "theme switching", "App-component", "React hooks"], "state": 2, "file_id": 3, "knowledge_revision": 22, "git_revision": "2f452fc866dea32d0e18c45b85f99bc46ff5a7c3", "ctags": [{"_type": "tag", "name": "App", "path": "/home/kavia/workspace/code-generation/express-delivery-management-system-314154-314165/delivery_frontend/src/App.js", "pattern": "/^function App() {$/", "language": "JavaScript", "kind": "function", "signature": "()"}, {"_type": "tag", "name": "Switch to ${theme === 'light' ? 'dark' : 'light'} mode", "path": "/home/kavia/workspace/code-generation/express-delivery-management-system-314154-314165/delivery_frontend/src/App.js", "pattern": "/^          aria-label={`Switch to ${theme === 'light' ? 'dark' : 'light'} mode`}$/", "language": "JavaScript", "kind": "field", "scope": "App.aria", "scopeKind": "class"}, {"_type": "tag", "name": "toggleTheme", "path": "/home/kavia/workspace/code-generation/express-delivery-management-system-314154-314165/delivery_frontend/src/App.js", "pattern": "/^          onClick={toggleTheme}$/", "language": "JavaScript", "kind": "field", "scope": "App.onClick", "scopeKind": "class"}], "hash": "b55dd9e6a018e59207d8e277dffd9e11", "format-version": 4, "code-base-name": "delivery_frontend", "filename": "delivery_frontend/src/App.js", "fields": [{"name": "aria-label={`Switch to ${theme === 'light' ? 'dark' : 'light'} mode`}", "scope": "App.aria", "scopeKind": "class", "description": "unavailable"}, {"name": "onClick={toggleTheme}", "scope": "App.onClick", "scopeKind": "class", "description": "unavailable"}], "revision_history": [{"22": "2f452fc866dea32d0e18c45b85f99bc46ff5a7c3"}]}