{"is_source_file": true, "format": "JavaScript (React JSX)", "description": "React functional component 'SetupBanner' which displays a warning banner if the backend URL is not configured. It uses functions from an API client to check backend configuration status and retrieve the base URL.", "external_files": ["../../api/client"], "external_methods": ["isBackendConfigured", "getBackendBaseURL"], "published": ["SetupBanner"], "classes": [], "methods": [{"name": "SetupBanner()", "description": "React functional component that displays a banner if backend is not configured.", "scope": "", "scopeKind": ""}], "calls": ["isBackendConfigured", "getBackendBaseURL"], "search-terms": ["React component", "SetupBanner", "backend configuration", "API client", "React JSX"], "state": 2, "file_id": 20, "knowledge_revision": 61, "git_revision": "dd4c8f1828388f3eba00b800208f05bedbaf5272", "ctags": [{"_type": "tag", "name": "SetupBanner", "path": "/home/kavia/workspace/code-generation/express-delivery-management-system-314154-314165/delivery_frontend/src/components/layout/SetupBanner.js", "pattern": "/^export function SetupBanner() {$/", "language": "JavaScript", "kind": "function", "signature": "()"}], "hash": "41d624ff35151d296ed511c19e996f83", "format-version": 4, "code-base-name": "delivery_frontend", "filename": "delivery_frontend/src/components/layout/SetupBanner.js", "revision_history": [{"61": "dd4c8f1828388f3eba00b800208f05bedbaf5272"}]}