{"is_source_file": true, "format": "JavaScript", "description": "This file defines API functions for user authentication, including login and registration.", "external_files": ["./client"], "external_methods": ["api.post"], "published": ["apiLogin", "apiRegister"], "classes": [], "methods": [{"name": "apiLogin({ email, password })", "description": "Performs login by calling POST /auth/login with email and password.", "scope": "", "scopeKind": ""}, {"name": "apiRegister({ email, password, role })", "description": "Performs user registration by calling POST /auth/register with email, password, and role.", "scope": "", "scopeKind": ""}], "calls": ["api.post"], "search-terms": ["auth", "login", "register", "api"], "state": 2, "file_id": 25, "knowledge_revision": 66, "git_revision": "dd4c8f1828388f3eba00b800208f05bedbaf5272", "ctags": [{"_type": "tag", "name": "apiLogin", "path": "/home/kavia/workspace/code-generation/express-delivery-management-system-314154-314165/delivery_frontend/src/api/auth.js", "pattern": "/^export async function apiLogin({ email, password }) {$/", "language": "JavaScript", "kind": "function", "signature": "({ email, password })"}, {"_type": "tag", "name": "apiRegister", "path": "/home/kavia/workspace/code-generation/express-delivery-management-system-314154-314165/delivery_frontend/src/api/auth.js", "pattern": "/^export async function apiRegister({ email, password, role }) {$/", "language": "JavaScript", "kind": "function", "signature": "({ email, password, role })"}], "hash": "134b4e39c8f5fdfe40def32bcb6f22ec", "format-version": 4, "code-base-name": "delivery_frontend", "filename": "delivery_frontend/src/api/auth.js", "revision_history": [{"66": "dd4c8f1828388f3eba00b800208f05bedbaf5272"}]}