{"is_source_file": true, "format": "JavaScript (React JSX)", "description": "This file defines a React component 'AvailableJobs' that displays a list of available delivery jobs to the courier, fetching data from an API and handling various UI states.", "external_files": ["../../api/deliveries", "../../components/toast/ToastProvider", "../../api/client", "react", "react-router-dom"], "external_methods": ["listAvailableJobs", "useToast", "isBackendConfigured", "useEffect", "useState"], "published": ["AvailableJobs"], "classes": [], "methods": [{"name": "normalize(data)", "description": "Normalizes data received from API into an array of jobs.", "scope": "", "scopeKind": ""}, {"name": "AvailableJobs()", "description": "React functional component displaying available delivery jobs.", "scope": "", "scopeKind": ""}, {"name": "load()", "scope": "AvailableJobs", "scopeKind": "function", "description": "unavailable"}], "calls": ["isBackendConfigured", "listAvailableJobs", "useToast", "setJobs", "setLoading", "load", "toast.error", "useEffect"], "search-terms": ["AvailableJobs", "React delivery jobs component", "listAvailableJobs API", "courier jobs list", "fetch and display jobs"], "state": 2, "file_id": 31, "knowledge_revision": 72, "git_revision": "dd4c8f1828388f3eba00b800208f05bedbaf5272", "ctags": [{"_type": "tag", "name": "AvailableJobs", "path": "/home/kavia/workspace/code-generation/express-delivery-management-system-314154-314165/delivery_frontend/src/pages/courier/AvailableJobs.js", "pattern": "/^export function AvailableJobs() {$/", "language": "JavaScript", "kind": "function", "signature": "()"}, {"_type": "tag", "name": "load", "path": "/home/kavia/workspace/code-generation/express-delivery-management-system-314154-314165/delivery_frontend/src/pages/courier/AvailableJobs.js", "pattern": "/^  async function load() {$/", "language": "JavaScript", "kind": "function", "signature": "()", "scope": "AvailableJobs", "scopeKind": "function"}, {"_type": "tag", "name": "normalize", "path": "/home/kavia/workspace/code-generation/express-delivery-management-system-314154-314165/delivery_frontend/src/pages/courier/AvailableJobs.js", "pattern": "/^function normalize(data) {$/", "language": "JavaScript", "kind": "function", "signature": "(data)"}], "hash": "430066042c65d095e228cf22885bc1db", "format-version": 4, "code-base-name": "delivery_frontend", "filename": "delivery_frontend/src/pages/courier/AvailableJobs.js", "revision_history": [{"72": "dd4c8f1828388f3eba00b800208f05bedbaf5272"}]}