{"is_source_file": true, "format": "JavaScript", "description": "React component for displaying delivery details, including live updates, courier actions, and map placeholder in a delivery management system.", "external_files": ["../api/deliveries", "../auth/AuthContext", "../components/layout/MapPlaceholder", "../components/toast/ToastProvider", "../api/client", "../realtime/realtimeClient", "../notifications/NotificationsContext"], "external_methods": ["getDeliveryById", "updateDeliveryStatus", "useAuth", "createRealtimeClient", "isBackendConfigured"], "published": ["DeliveryDetails"], "classes": [], "methods": [{"name": "chipClass(status)", "description": "Returns CSS class for delivery status chips based on the status string.", "scope": "", "scopeKind": ""}, {"name": "prettyLocation(loc)", "description": "Formats location object or string into a human-readable string.", "scope": "", "scopeKind": ""}, {"name": "DeliveryDetails()", "description": "Main React functional component displaying delivery details, with live updates and courier actions.", "scope": "", "scopeKind": ""}, {"name": "act(next)", "scope": "DeliveryDetails", "scopeKind": "function", "description": "unavailable"}, {"name": "load()", "scope": "DeliveryDetails", "scopeKind": "function", "description": "unavailable"}], "calls": ["useParams", "useAuth", "useToast", "useNotifications", "getDeliveryById", "updateDeliveryStatus", "createRealtimeClient", "isBackendConfigured", "setDelivery", "setLoading", "setRtStatus", "setDelivery", "client.connect", "client.subscribeToDelivery", "client.close", "toast.error", "toast.info", "toast.success", "useMemo", "React.useEffect", "setDelivery", "setLoading", "setRtStatus"], "search-terms": ["DeliveryDetails", "react-router-dom useParams", "delivery live update", "map placeholder", "courier actions", "delivery status", "realtime client", "delivery API", "delivery management", "delivery detail view"], "state": 2, "file_id": 33, "knowledge_revision": 74, "git_revision": "dd4c8f1828388f3eba00b800208f05bedbaf5272", "ctags": [{"_type": "tag", "name": "DeliveryDetails", "path": "/home/kavia/workspace/code-generation/express-delivery-management-system-314154-314165/delivery_frontend/src/pages/DeliveryDetails.js", "pattern": "/^export function DeliveryDetails() {$/", "language": "JavaScript", "kind": "function", "signature": "()"}, {"_type": "tag", "name": "act", "path": "/home/kavia/workspace/code-generation/express-delivery-management-system-314154-314165/delivery_frontend/src/pages/DeliveryDetails.js", "pattern": "/^    async function act(next) {$/", "language": "JavaScript", "kind": "function", "signature": "(next)", "scope": "DeliveryDetails", "scopeKind": "function"}, {"_type": "tag", "name": "chipClass", "path": "/home/kavia/workspace/code-generation/express-delivery-management-system-314154-314165/delivery_frontend/src/pages/DeliveryDetails.js", "pattern": "/^function chipClass(status) {$/", "language": "JavaScript", "kind": "function", "signature": "(status)"}, {"_type": "tag", "name": "load", "path": "/home/kavia/workspace/code-generation/express-delivery-management-system-314154-314165/delivery_frontend/src/pages/DeliveryDetails.js", "pattern": "/^  async function load() {$/", "language": "JavaScript", "kind": "function", "signature": "()", "scope": "DeliveryDetails", "scopeKind": "function"}, {"_type": "tag", "name": "prettyLocation", "path": "/home/kavia/workspace/code-generation/express-delivery-management-system-314154-314165/delivery_frontend/src/pages/DeliveryDetails.js", "pattern": "/^function prettyLocation(loc) {$/", "language": "JavaScript", "kind": "function", "signature": "(loc)"}], "hash": "76b029e6b5bb46159274b85e944af5fb", "format-version": 4, "code-base-name": "delivery_frontend", "filename": "delivery_frontend/src/pages/DeliveryDetails.js", "revision_history": [{"74": "dd4c8f1828388f3eba00b800208f05bedbaf5272"}]}