{"is_source_file": false, "format": "", "description": "", "external_files": [], "external_methods": [], "published": [], "classes": [], "methods": [], "calls": [], "search-terms": [], "state": 2, "file_id": 6, "knowledge_revision": 27, "git_revision": "2f452fc866dea32d0e18c45b85f99bc46ff5a7c3", "hash": "3f629a2da949504a321e0e74fcb3b0e7", "format-version": 4, "code-base-name": "delivery_frontend", "filename": "delivery_frontend/src/App.css", "revision_history": [{"27": "2f452fc866dea32d0e18c45b85f99bc46ff5a7c3"}]}