{"is_source_file": true, "format": "JavaScript (React)", "description": "This file implements a React component named ProtectedRoute that protects certain routes by checking user authentication status and roles, redirecting if necessary.", "external_files": ["react", "react-router-dom", "./AuthContext"], "external_methods": ["useAuth()", "Navigate", "Outlet"], "published": ["ProtectedRoute"], "classes": [], "methods": [{"name": "ProtectedRoute({ roles })", "description": "React functional component that protects routes by checking user authentication and role requirements.", "scope": "", "scopeKind": ""}], "calls": ["useAuth", "Navigate", "Outlet"], "search-terms": ["ProtectedRoute", "AuthContext", "react-router-dom", "route protection", "authorization", "React component"], "state": 2, "file_id": 16, "knowledge_revision": 58, "git_revision": "dd4c8f1828388f3eba00b800208f05bedbaf5272", "ctags": [{"_type": "tag", "name": "ProtectedRoute", "path": "/home/kavia/workspace/code-generation/express-delivery-management-system-314154-314165/delivery_frontend/src/auth/ProtectedRoute.js", "pattern": "/^export function ProtectedRoute({ roles }) {$/", "language": "JavaScript", "kind": "function", "signature": "({ roles })"}], "hash": "72c07b4c5c3c09e761a936657e954074", "format-version": 4, "code-base-name": "delivery_frontend", "filename": "delivery_frontend/src/auth/ProtectedRoute.js", "revision_history": [{"58": "dd4c8f1828388f3eba00b800208f05bedbaf5272"}]}