{"is_source_file": false, "format": "", "description": "", "external_files": [], "external_methods": [], "published": [], "classes": [], "methods": [], "calls": [], "search-terms": [], "state": 2, "file_id": 11, "knowledge_revision": 26, "git_revision": "2f452fc866dea32d0e18c45b85f99bc46ff5a7c3", "hash": "b407dc220b25221b36d0dc286a172e1c", "format-version": 4, "code-base-name": "delivery_frontend", "filename": "delivery_frontend/package.json", "revision_history": [{"26": "2f452fc866dea32d0e18c45b85f99bc46ff5a7c3"}]}