{"is_source_file": true, "format": "JavaScript", "description": "This file defines a React context and provider for managing notifications within a React application. It includes functions to add notifications, mark all as read, and mark individual notifications as read, along with a custom hook to access the notifications context.", "external_files": ["react"], "external_methods": ["React.createContext", "React.useContext", "React.useMemo", "React.useState"], "published": ["NotificationsProvider", "useNotifications"], "classes": [], "methods": [{"name": "makeId()", "description": "Generates a pseudo-random unique identifier string.", "scope": "", "scopeKind": ""}, {"name": "NotificationsProvider({ children })", "description": "React component that provides notifications context to its children, managing notification state.", "scope": "", "scopeKind": ""}, {"name": "add({ title, body })", "description": "Adds a new notification to the notifications store.", "scope": "NotificationsProvider", "scopeKind": "function"}, {"name": "markAllRead()", "description": "Marks all notifications as read.", "scope": "NotificationsProvider", "scopeKind": "function"}, {"name": "markRead(id)", "description": "Marks a specific notification as read by its ID.", "scope": "NotificationsProvider", "scopeKind": "function"}, {"name": "useNotifications()", "description": "Custom hook to access notifications context, throws an error if used outside the provider.", "scope": "", "scopeKind": ""}], "calls": ["React.createContext", "React.useContext", "React.useMemo", "React.useState"], "search-terms": ["NotificationsContext", "NotificationsProvider", "useNotifications", "notifications state", "React context for notifications"], "state": 2, "file_id": 23, "knowledge_revision": 64, "git_revision": "dd4c8f1828388f3eba00b800208f05bedbaf5272", "ctags": [{"_type": "tag", "name": "NotificationsContext", "path": "/home/kavia/workspace/code-generation/express-delivery-management-system-314154-314165/delivery_frontend/src/notifications/NotificationsContext.js", "pattern": "/^const NotificationsContext = createContext(null);$/", "language": "JavaScript", "kind": "constant"}, {"_type": "tag", "name": "NotificationsProvider", "path": "/home/kavia/workspace/code-generation/express-delivery-management-system-314154-314165/delivery_frontend/src/notifications/NotificationsContext.js", "pattern": "/^export function NotificationsProvider({ children }) {$/", "language": "JavaScript", "kind": "function", "signature": "({ children })"}, {"_type": "tag", "name": "add", "path": "/home/kavia/workspace/code-generation/express-delivery-management-system-314154-314165/delivery_frontend/src/notifications/NotificationsContext.js", "pattern": "/^  function add({ title, body }) {$/", "language": "JavaScript", "kind": "function", "signature": "({ title, body })", "scope": "NotificationsProvider", "scopeKind": "function"}, {"_type": "tag", "name": "makeId", "path": "/home/kavia/workspace/code-generation/express-delivery-management-system-314154-314165/delivery_frontend/src/notifications/NotificationsContext.js", "pattern": "/^function makeId() {$/", "language": "JavaScript", "kind": "function", "signature": "()"}, {"_type": "tag", "name": "markAllRead", "path": "/home/kavia/workspace/code-generation/express-delivery-management-system-314154-314165/delivery_frontend/src/notifications/NotificationsContext.js", "pattern": "/^  function markAllRead() {$/", "language": "JavaScript", "kind": "function", "signature": "()", "scope": "NotificationsProvider", "scopeKind": "function"}, {"_type": "tag", "name": "markRead", "path": "/home/kavia/workspace/code-generation/express-delivery-management-system-314154-314165/delivery_frontend/src/notifications/NotificationsContext.js", "pattern": "/^  function markRead(id) {$/", "language": "JavaScript", "kind": "function", "signature": "(id)", "scope": "NotificationsProvider", "scopeKind": "function"}, {"_type": "tag", "name": "useNotifications", "path": "/home/kavia/workspace/code-generation/express-delivery-management-system-314154-314165/delivery_frontend/src/notifications/NotificationsContext.js", "pattern": "/^export function useNotifications() {$/", "language": "JavaScript", "kind": "function", "signature": "()"}, {"_type": "tag", "name": "value", "path": "/home/kavia/workspace/code-generation/express-delivery-management-system-314154-314165/delivery_frontend/src/notifications/NotificationsContext.js", "pattern": "/^  return <NotificationsContext.Provider value={value}>{children}<\\/NotificationsContext.Provider/", "language": "JavaScript", "kind": "field", "scope": "Provider", "scopeKind": "class"}], "hash": "fc069bd33a2cb900174af7a54923bf66", "format-version": 4, "code-base-name": "delivery_frontend", "filename": "delivery_frontend/src/notifications/NotificationsContext.js", "fields": [{"name": "return <NotificationsContext.Provider value={value}>{children}<\\/NotificationsContext.Provider/", "scope": "Provider", "scopeKind": "class", "description": "unavailable"}], "revision_history": [{"64": "dd4c8f1828388f3eba00b800208f05bedbaf5272"}]}