{"is_source_file": true, "format": "JavaScript/React", "description": "React component for displaying and managing a user's deliveries, including loading data from API, rendering a table, and navigation.", "external_files": ["../../api/deliveries", "../../components/toast/ToastProvider", "../../api/client", "react", "react-router-dom"], "external_methods": ["listMyDeliveries", "isBackendConfigured", "useToast", "useEffect", "useState", "Link"], "published": ["MyDeliveries"], "classes": [], "methods": [{"name": "normalizeDeliveries(data)", "description": "Normalizes received delivery data into an array format for rendering.", "scope": "", "scopeKind": ""}, {"name": "statusChip(status)", "description": "Determines the CSS class for a delivery status chip based on status string.", "scope": "", "scopeKind": ""}, {"name": "MyDeliveries()", "description": "React functional component that displays the user's delivery list, handles data loading, and UI rendering.", "scope": "", "scopeKind": ""}, {"name": "load()", "scope": "MyDeliveries", "scopeKind": "function", "description": "unavailable"}], "calls": ["useEffect", "useState", "listMyDeliveries", "isBackendConfigured", "toast.error"], "search-terms": ["MyDeliveries", "react delivery list", "normalizeDeliveries", "statusChip", "React useEffect useState", "delivery API", "delivery frontend component"], "state": 2, "file_id": 30, "knowledge_revision": 71, "git_revision": "dd4c8f1828388f3eba00b800208f05bedbaf5272", "ctags": [{"_type": "tag", "name": "MyDeliveries", "path": "/home/kavia/workspace/code-generation/express-delivery-management-system-314154-314165/delivery_frontend/src/pages/customer/MyDeliveries.js", "pattern": "/^export function MyDeliveries() {$/", "language": "JavaScript", "kind": "function", "signature": "()"}, {"_type": "tag", "name": "load", "path": "/home/kavia/workspace/code-generation/express-delivery-management-system-314154-314165/delivery_frontend/src/pages/customer/MyDeliveries.js", "pattern": "/^  async function load() {$/", "language": "JavaScript", "kind": "function", "signature": "()", "scope": "MyDeliveries", "scopeKind": "function"}, {"_type": "tag", "name": "normalizeDeliveries", "path": "/home/kavia/workspace/code-generation/express-delivery-management-system-314154-314165/delivery_frontend/src/pages/customer/MyDeliveries.js", "pattern": "/^function normalizeDeliveries(data) {$/", "language": "JavaScript", "kind": "function", "signature": "(data)"}, {"_type": "tag", "name": "statusChip", "path": "/home/kavia/workspace/code-generation/express-delivery-management-system-314154-314165/delivery_frontend/src/pages/customer/MyDeliveries.js", "pattern": "/^function statusChip(status) {$/", "language": "JavaScript", "kind": "function", "signature": "(status)"}], "hash": "1b7d9b8e71cc6173196c959902a9b519", "format-version": 4, "code-base-name": "delivery_frontend", "filename": "delivery_frontend/src/pages/customer/MyDeliveries.js", "revision_history": [{"71": "dd4c8f1828388f3eba00b800208f05bedbaf5272"}]}