{"is_source_file": true, "format": "JavaScript (React JSX)", "description": "This file defines a React component 'Login' which implements the user login page, handling user input, validation, and authentication via context, along with navigation upon successful login.", "external_files": ["../../auth/AuthContext", "../../components/toast/ToastProvider", "../../api/client", "react", "react-router-dom"], "external_methods": ["useAuth", "useToast", "isBackendConfigured", "useNavigate", "auth.login"], "published": ["Login"], "classes": [], "methods": [{"name": "validate()", "description": "Validates email and password inputs, returning an object with error messages.", "scope": "Login", "scopeKind": "function"}, {"name": "onSubmit(evt)", "description": "Handles form submission, performs validation, authentication, and navigation, with error handling.", "scope": "Login", "scopeKind": "function"}, {"name": "Login()", "scope": "", "scopeKind": "", "description": "unavailable"}], "calls": ["useAuth", "useToast", "useNavigate", "isBackendConfigured", "auth.login"], "search-terms": ["Login React component", "JWT authentication", "auth context", "login form validation", "react-router navigation"], "state": 2, "file_id": 27, "knowledge_revision": 68, "git_revision": "dd4c8f1828388f3eba00b800208f05bedbaf5272", "ctags": [{"_type": "tag", "name": "Login", "path": "/home/kavia/workspace/code-generation/express-delivery-management-system-314154-314165/delivery_frontend/src/pages/auth/Login.js", "pattern": "/^export function Login() {$/", "language": "JavaScript", "kind": "function", "signature": "()"}, {"_type": "tag", "name": "onSubmit", "path": "/home/kavia/workspace/code-generation/express-delivery-management-system-314154-314165/delivery_frontend/src/pages/auth/Login.js", "pattern": "/^  async function onSubmit(evt) {$/", "language": "JavaScript", "kind": "function", "signature": "(evt)", "scope": "Login", "scopeKind": "function"}, {"_type": "tag", "name": "password", "path": "/home/kavia/workspace/code-generation/express-delivery-management-system-314154-314165/delivery_frontend/src/pages/auth/Login.js", "pattern": "/^                  value={password}$/", "language": "JavaScript", "kind": "field", "scope": "value", "scopeKind": "class"}, {"_type": "tag", "name": "validate", "path": "/home/kavia/workspace/code-generation/express-delivery-management-system-314154-314165/delivery_frontend/src/pages/auth/Login.js", "pattern": "/^  function validate() {$/", "language": "JavaScript", "kind": "function", "signature": "()", "scope": "Login", "scopeKind": "function"}], "hash": "539dce87c34b3cb08605f2cda49c48fa", "format-version": 4, "code-base-name": "delivery_frontend", "filename": "delivery_frontend/src/pages/auth/Login.js", "fields": [{"name": "value={password}", "scope": "value", "scopeKind": "class", "description": "unavailable"}], "revision_history": [{"68": "dd4c8f1828388f3eba00b800208f05bedbaf5272"}]}